,startbpid,endbpid,isleaf,isroot,parent_vox_x,parent_vox_y,parent_vox_z,vox_x,vox_y,vox_z,weibel_generation,radius_vox,centerlinelength_vox,idno
0,-1,285,False,True,265.5,243.50000000000003,639.5,258.5,273.5,475.5,0,10.204661819931706,124.35588345213702,ATM_example
1,285,189,False,False,258.5,273.5,475.5,241.5,275.5,439.5,1,9.723924515903862,33.08551201126937,ATM_example
2,285,187,False,False,258.5,273.5,475.5,300.5,282.5,402.5,1,8.097372401335434,73.52517929592103,ATM_example
3,187,184,False,False,300.5,282.5,402.5,316.5,279.5,408.5,2,6.678741315496717,19.835589636125864,ATM_example
4,189,283,False,False,241.5,275.5,439.5,219.5,281.5,448.5,2,6.2802363578500096,27.88356649289855,ATM_example
5,187,1,False,False,300.5,282.5,402.5,310.5,289.5,374.5,2,5.823216748194418,24.945392031345676,ATM_example
6,189,284,False,False,241.5,275.5,439.5,227.5,280.5,374.5,2,6.7301021385766155,50.30809684780245,ATM_example
7,283,282,False,False,219.5,281.5,448.5,214.5,282.5,460.5,3,3.9951383095720545,10.600112107124204,ATM_example
8,1,8,False,False,310.5,289.5,374.5,313.5,302.5,375.5,3,4.143106395111761,15.877897513635183,ATM_example
9,184,170,False,False,316.5,279.5,408.5,329.5,270.5,391.5,3,3.9299495725860303,22.47443175667097,ATM_example
10,283,177,False,False,219.5,281.5,448.5,207.5,275.5,445.5,3,3.722742515737596,16.097676776529177,ATM_example
11,284,181,False,False,227.5,280.5,374.5,213.5,269.5,353.5,3,3.889206611969765,26.069369814935108,ATM_example
12,1,182,False,False,310.5,289.5,374.5,320.5,289.5,341.5,3,5.074194111235125,26.70528315176557,ATM_example
13,284,183,False,False,227.5,280.5,374.5,223.5,286.5,357.5,3,5.427738410479205,15.008326127058886,ATM_example
14,184,2,False,False,316.5,279.5,408.5,324.5,281.5,431.5,3,4.449131299296152,19.336182603018297,ATM_example
15,170,171,False,False,329.5,270.5,391.5,329.5,269.5,390.5,4,3.14768472875374,1.392294784585466,ATM_example
16,8,162,False,False,313.5,302.5,375.5,320.5,312.5,371.5,4,2.4515621445101243,14.798512122481712,ATM_example
17,177,175,False,False,207.5,275.5,445.5,198.5,263.5,440.5,4,2.784490336974462,18.197228328104117,ATM_example
18,2,38,False,False,324.5,281.5,431.5,337.5,287.5,436.5,4,2.0715531975558803,17.403201396886697,ATM_example
19,182,178,False,False,320.5,289.5,341.5,323.5,298.5,318.5,4,3.874073512312295,20.124175203428308,ATM_example
20,2,179,False,False,324.5,281.5,431.5,323.5,281.5,434.5,4,4.51975243103101,2.477757639244142,ATM_example
21,181,173,False,False,213.5,269.5,353.5,208.5,260.5,341.5,4,3.6319439177927775,15.014432275042045,ATM_example
22,182,209,False,False,320.5,289.5,341.5,326.5,286.5,331.5,4,4.025404508886994,10.775541833980352,ATM_example
23,183,169,False,False,223.5,286.5,357.5,221.5,296.5,353.5,4,3.299015725328439,12.465698380716084,ATM_example
24,177,155,False,False,207.5,275.5,445.5,191.5,278.5,449.5,4,2.663425539714703,19.569073070374635,ATM_example
25,282,221,False,False,214.5,282.5,460.5,210.5,278.5,491.5,4,2.4443559065779956,23.44886346734321,ATM_example
26,8,136,False,False,313.5,302.5,375.5,312.5,308.5,381.5,4,2.1791663506756658,8.437940306546844,ATM_example
27,170,134,False,False,329.5,270.5,391.5,349.5,273.5,402.5,4,1.969320702092083,25.330052039402794,ATM_example
28,183,247,False,False,223.5,286.5,357.5,218.5,287.5,339.5,4,4.903124289020249,14.383335325844959,ATM_example
29,282,207,False,False,214.5,282.5,460.5,210.5,292.5,472.5,4,2.771038692834489,15.47795291775053,ATM_example
30,181,12,False,False,213.5,269.5,353.5,199.5,271.5,354.5,4,2.8329162558783656,16.82860955083675,ATM_example
31,155,98,False,False,191.5,278.5,449.5,181.5,277.5,466.5,5,1.674729695426669,17.161168901019536,ATM_example
32,207,99,False,False,210.5,292.5,472.5,212.5,299.5,459.5,5,1.4796808553970575,12.792625448267215,ATM_example
33,171,120,False,False,329.5,269.5,390.5,341.5,257.5,351.5,5,2.5378768610749525,34.72364652613308,ATM_example
34,38,133,False,False,337.5,287.5,436.5,340.5,290.5,435.5,5,1.856326891316308,5.095687366494955,ATM_example
35,173,157,False,False,208.5,260.5,341.5,197.5,253.50000000000003,320.5,5,2.2598762155155057,21.72198075241678,ATM_example
36,155,156,False,False,191.5,278.5,449.5,183.5,282.5,444.5,5,2.2195212830955855,11.233801408344622,ATM_example
37,136,150,False,False,312.5,308.5,381.5,313.5,315.5,393.5,5,2.3304973472503647,12.094776419639516,ATM_example
38,175,132,False,False,198.5,263.5,440.5,179.5,257.5,440.5,5,1.9370367561561475,23.687841697724004,ATM_example
39,175,164,False,False,198.5,263.5,440.5,198.5,259.5,440.5,5,2.8450227356043425,4.755434782608696,ATM_example
40,247,180,False,False,218.5,287.5,339.5,211.5,290.5,314.5,5,4.458033122624076,20.252498253173,ATM_example
41,179,172,False,False,323.5,281.5,434.5,324.5,275.5,446.5,5,3.4806129212180776,11.309713155695277,ATM_example
42,209,174,False,False,326.5,286.5,331.5,331.5,282.5,309.5,5,3.6470770174502465,17.666269360057107,ATM_example
43,136,92,False,False,312.5,308.5,381.5,308.5,315.5,364.5,5,2.118633952045786,15.608454699717063,ATM_example
44,173,210,False,False,208.5,260.5,341.5,207.5,251.50000000000003,335.5,5,2.7671953659373534,11.610390240517255,ATM_example
45,209,214,False,False,326.5,286.5,331.5,341.5,290.5,333.5,5,2.4212959451951845,18.51286535490175,ATM_example
46,178,244,False,False,323.5,298.5,318.5,334.5,312.5,310.5,5,2.465319507835097,21.94651292691847,ATM_example
47,207,246,False,False,210.5,292.5,472.5,208.5,296.5,480.5,5,2.5423607424549437,7.8660082111415495,ATM_example
48,171,248,False,False,329.5,269.5,390.5,337.5,253.50000000000003,384.5,5,2.5423607424549437,21.706837427762522,ATM_example
49,169,250,False,False,221.5,296.5,353.5,226.5,298.5,352.5,5,1.9975691547860273,6.443078822858057,ATM_example
50,134,488,True,False,349.5,273.5,402.5,381.5,262.5,414.5,5,1.2986950978774172,41.157504658330495,ATM_example
51,221,277,False,False,210.5,278.5,491.5,206.5,272.5,500.5,5,1.9975691547860273,10.771680518530488,ATM_example
52,38,336,True,False,337.5,287.5,436.5,360.5,285.5,449.5,5,1.4225113678021708,29.018546914154623,ATM_example
53,179,168,False,False,323.5,281.5,434.5,327.5,293.5,464.5,5,3.4382402421771623,26.433527796662666,ATM_example
54,12,86,False,False,199.5,271.5,354.5,194.5,269.5,361.5,5,1.6949071616366291,8.16811199895391,ATM_example
55,162,199,False,False,320.5,312.5,371.5,329.5,319.5,377.5,5,2.040806582378798,14.235295622221278,ATM_example
56,169,10,False,False,221.5,296.5,353.5,220.5,297.5,352.5,5,2.663425539714703,1.8308112315068636,ATM_example
57,12,14,False,False,199.5,271.5,354.5,195.5,272.5,352.5,5,2.3002311479354254,5.111550062916025,ATM_example
58,221,37,False,False,210.5,278.5,491.5,208.5,281.5,509.5,5,2.3204086141453852,13.729760745138213,ATM_example
59,134,33,False,False,349.5,273.5,402.5,354.5,273.5,397.5,5,1.9975691547860273,6.961473922927333,ATM_example
60,247,28,False,False,218.5,287.5,339.5,220.5,280.5,296.5,5,2.2437342425475375,32.33912302004964,ATM_example
61,178,5,False,False,323.5,298.5,318.5,323.5,303.5,288.5,5,3.571411519162897,22.537178550479343,ATM_example
62,162,61,False,False,320.5,312.5,371.5,323.5,341.5,346.5,5,2.0581015534159066,39.109648478235954,ATM_example
63,210,11,False,False,207.5,251.50000000000003,335.5,204.5,241.50000000000003,327.5,6,2.5423607424549437,13.699100336154176,ATM_example
64,5,159,False,False,323.5,303.5,288.5,320.5,311.5,268.5,6,2.732605423863136,17.697938084790252,ATM_example
65,33,353,True,False,354.5,273.5,397.5,379.5,274.5,385.5,6,1.4955063190911433,30.99021419126164,ATM_example
66,92,54,True,False,308.5,315.5,364.5,306.5,315.5,342.5,6,1.2711803712274719,16.118369277556102,ATM_example
67,174,161,False,False,331.5,282.5,309.5,338.5,272.5,283.5,6,2.515457454174997,23.781543443398814,ATM_example
68,214,252,False,False,341.5,290.5,333.5,344.5,294.5,337.5,6,1.8765043575262679,6.6133366207227295,ATM_example
69,164,13,False,False,198.5,259.5,440.5,195.5,246.50000000000003,426.5,6,2.360763546565305,18.828225736907402,ATM_example
70,250,60,False,False,226.5,298.5,352.5,231.5,297.5,343.5,6,2.040806582378798,8.903992994121612,ATM_example
71,37,56,False,False,208.5,281.5,509.5,212.5,282.5,528.5,6,1.8066592821840992,14.614669396295803,ATM_example
72,98,263,False,False,181.5,277.5,466.5,169.5,271.5,472.5,6,1.4225113678021708,16.532177453784527,ATM_example
73,61,381,True,False,323.5,341.5,346.5,325.5,356.5,354.5,6,1.1501155739677127,18.90162823164592,ATM_example
74,246,251,False,False,208.5,296.5,480.5,211.5,301.5,493.5,6,2.1791663506756658,11.696022866484403,ATM_example
75,210,53,True,False,207.5,251.50000000000003,335.5,213.5,247.50000000000003,331.5,6,1.8159719588963883,9.049730173388742,ATM_example
76,199,151,False,False,329.5,319.5,377.5,340.5,326.5,374.5,6,1.7857057595814485,15.652518890559723,ATM_example
77,132,536,True,False,179.5,257.5,440.5,164.5,246.50000000000003,447.5,6,1.5188129110769792,22.688347186731427,ATM_example
78,248,206,False,False,337.5,253.50000000000003,384.5,337.5,242.50000000000003,387.5,6,2.4515621445101243,13.256903209504372,ATM_example
79,150,455,True,False,313.5,315.5,393.5,316.5,350.5,415.5,6,1.5179663041031348,44.70196165704414,ATM_example
80,168,17,False,False,327.5,293.5,464.5,325.5,294.5,475.5,6,2.4212959451951845,8.402618463004687,ATM_example
81,14,356,True,False,195.5,272.5,352.5,179.5,281.5,358.5,6,1.9572142223661075,22.25341178527878,ATM_example
82,214,228,True,False,341.5,290.5,333.5,372.5,287.5,324.5,6,1.2682978760546204,37.59676222185096,ATM_example
83,199,457,True,False,329.5,319.5,377.5,351.5,341.5,401.5,6,1.5859488441028458,40.87314699412334,ATM_example
84,133,367,True,False,340.5,290.5,435.5,360.5,301.5,435.5,6,1.2798278567460262,27.13620430488903,ATM_example
85,156,330,True,False,183.5,282.5,444.5,158.5,283.5,437.5,6,1.5952067403638865,30.174639974147897,ATM_example
86,172,239,False,False,324.5,275.5,446.5,325.5,272.5,473.5,6,2.446783270934081,19.92314185943763,ATM_example
87,14,26,False,False,195.5,272.5,352.5,185.5,269.5,347.5,6,2.148900151360726,12.930060287204057,ATM_example
88,157,32,False,False,197.5,253.50000000000003,320.5,176.5,243.50000000000003,302.5,6,1.9531787291241156,30.574067593027436,ATM_example
89,246,35,False,False,208.5,296.5,480.5,198.5,304.5,486.5,6,2.118633952045786,15.833468710038776,ATM_example
90,244,39,False,False,334.5,312.5,310.5,339.5,314.5,308.5,6,1.6949071616366291,6.564187994293754,ATM_example
91,37,176,False,False,208.5,281.5,509.5,197.5,287.5,535.5,6,1.5603907202368963,24.018095023046428,ATM_example
92,120,243,False,False,341.5,257.5,351.5,351.5,250.50000000000003,344.5,6,1.6343747630067496,15.372841422937713,ATM_example
93,92,75,True,False,308.5,315.5,364.5,300.5,328.5,362.5,6,1.0694057091278732,18.204919765351868,ATM_example
94,156,535,True,False,183.5,282.5,444.5,160.5,309.5,436.5,6,1.6828006819106531,42.563419892952076,ATM_example
95,164,213,False,False,198.5,259.5,440.5,198.5,248.50000000000003,452.5,6,2.3002311479354254,15.704583774020916,ATM_example
96,61,510,True,False,323.5,341.5,346.5,325.5,350.5,330.5,6,1.3317127698573514,15.955038881247644,ATM_example
97,28,334,True,False,220.5,280.5,296.5,223.5,274.5,293.5,6,1.3317127698573514,8.266088726892265,ATM_example
98,133,411,True,False,340.5,290.5,435.5,339.5,293.5,425.5,6,1.2711803712274719,8.163567043755325,ATM_example
99,99,410,True,False,212.5,299.5,459.5,208.5,300.5,444.5,6,1.276683316557461,11.923715569611483,ATM_example
100,99,408,True,False,212.5,299.5,459.5,213.5,322.5,456.5,6,0.9987845773930136,27.45578166764394,ATM_example
101,10,114,False,False,220.5,297.5,352.5,210.5,308.5,357.5,6,1.7857057595814485,18.04121888432829,ATM_example
102,28,118,False,False,220.5,280.5,296.5,217.5,275.5,260.5,6,2.0581015534159066,26.99230243063479,ATM_example
103,277,268,False,False,206.5,272.5,500.5,197.5,269.5,507.5,6,1.6646409623216893,12.36667047023369,ATM_example
104,98,403,True,False,181.5,277.5,466.5,166.5,286.5,495.5,6,1.7554395602665087,29.565261966534045,ATM_example
105,132,508,True,False,179.5,257.5,440.5,156.5,250.50000000000003,427.5,6,1.52844306540446,30.094491022930477,ATM_example
106,120,123,False,False,341.5,257.5,351.5,340.5,251.50000000000003,337.5,6,1.8643978778002916,12.458523172905531,ATM_example
107,250,337,True,False,226.5,298.5,352.5,235.5,298.5,368.5,6,1.9370367561561475,15.776873128386782,ATM_example
108,277,127,False,False,206.5,272.5,500.5,204.5,264.5,519.5,6,1.9742874630053042,16.90181044955369,ATM_example
109,10,287,False,False,220.5,297.5,352.5,208.5,317.5,330.5,6,2.1119081299757996,31.984835894696577,ATM_example
110,33,412,True,False,354.5,273.5,397.5,350.5,278.5,389.5,6,1.2798278567460262,9.56844658973074,ATM_example
111,168,130,False,False,327.5,293.5,464.5,333.5,300.5,471.5,6,2.0883677527308464,12.077566540003454,ATM_example
112,248,269,False,False,337.5,253.50000000000003,384.5,345.5,245.50000000000003,375.5,6,2.0581015534159066,14.948122325516378,ATM_example
113,244,272,True,False,334.5,312.5,310.5,335.5,320.5,305.5,6,1.7756170264764688,10.246829710144928,ATM_example
114,86,80,True,False,194.5,269.5,361.5,188.5,261.5,365.5,6,1.1299381077577528,12.236833582511306,ATM_example
115,150,333,True,False,313.5,315.5,393.5,312.5,315.5,403.5,6,1.5133099657469902,7.3432528142396105,ATM_example
116,174,4,False,False,331.5,282.5,309.5,344.5,283.5,286.5,6,3.3595481239583185,22.76078266397054,ATM_example
117,86,352,True,False,194.5,269.5,361.5,195.5,273.5,370.5,6,1.1760580305233754,8.158469602524523,ATM_example
118,157,139,True,False,197.5,253.50000000000003,320.5,198.5,249.50000000000003,305.5,6,1.5848482550368481,11.923715569611483,ATM_example
119,172,9,False,False,324.5,275.5,446.5,329.5,267.5,451.5,6,2.623070607294783,11.786380235940792,ATM_example
120,5,280,False,False,323.5,303.5,288.5,333.5,306.5,259.5,6,2.6149996208107997,24.406308006310795,ATM_example
121,180,7,False,False,211.5,290.5,314.5,212.5,297.5,288.5,6,3.483975832253071,20.63096444002835,ATM_example
122,180,6,False,False,211.5,290.5,314.5,199.5,290.5,295.5,6,3.278062202725788,19.82645849207453,ATM_example
123,161,234,False,False,338.5,272.5,283.5,338.5,262.5,235.5,7,1.740306460609039,36.758242170942246,ATM_example
124,159,220,False,False,320.5,311.5,268.5,321.5,310.5,247.5,7,2.3405860803553447,15.309989160874558,ATM_example
125,123,322,True,False,340.5,251.50000000000003,337.5,368.5,204.5,247.5,7,1.5162869689582956,92.1062941836235,ATM_example
126,130,224,False,False,333.5,300.5,471.5,357.5,309.5,495.5,7,1.6949071616366291,35.0863422253499,ATM_example
127,268,236,False,False,197.5,269.5,507.5,187.5,267.5,522.5,7,1.6728953803166728,16.28310436712892,ATM_example
128,13,321,True,False,195.5,246.50000000000003,426.5,170.5,220.5,402.5,7,1.5980553238288218,46.27387329382604,ATM_example
129,56,266,False,False,212.5,282.5,528.5,211.5,282.5,554.5,7,1.425874278837164,18.878051509956016,ATM_example
130,263,342,True,False,169.5,271.5,472.5,160.5,266.5,488.5,7,1.2711803712274719,16.859547759797938,ATM_example
131,32,339,True,False,176.5,243.50000000000003,302.5,141.5,227.5,283.5,7,1.5536648981669097,47.778490965794504,ATM_example
132,9,240,False,False,329.5,267.5,451.5,328.5,252.50000000000003,452.5,7,2.4212959451951845,17.88714928009593,ATM_example
133,243,340,True,False,351.5,250.50000000000003,344.5,358.5,256.5,349.5,7,0.9685183780780737,11.544055573032578,ATM_example
134,280,16,False,False,333.5,306.5,259.5,338.5,308.5,237.5,7,2.527227642797474,17.17953588207083,ATM_example
135,6,245,False,False,199.5,290.5,295.5,192.5,287.5,280.5,7,2.795496227634441,14.146511156901358,ATM_example
136,269,465,True,False,345.5,245.50000000000003,375.5,351.5,205.5,311.5,7,1.5463276377269246,66.80648554403123,ATM_example
137,26,348,True,False,185.5,269.5,347.5,146.5,259.5,315.5,7,1.7035546471551832,53.18645735089237,ATM_example
138,26,459,True,False,185.5,269.5,347.5,152.5,244.50000000000003,339.5,7,1.6444634961117293,49.55954269538431,ATM_example
139,17,257,False,False,325.5,294.5,475.5,327.5,297.5,496.5,7,2.22759226957957,15.809585797439544,ATM_example
140,4,274,False,False,344.5,283.5,286.5,360.5,286.5,285.5,7,1.7756170264764688,19.36677888290461,ATM_example
141,127,360,True,False,204.5,264.5,519.5,206.5,232.5,533.5,7,1.5408246923969355,39.44463630068812,ATM_example
142,7,3,False,False,212.5,297.5,288.5,211.5,298.5,277.5,7,3.5108791205330174,8.146400557310198,ATM_example
143,123,422,True,False,340.5,251.50000000000003,337.5,325.5,264.5,335.5,7,1.2106479725975923,23.642632856295275,ATM_example
144,9,24,False,False,329.5,267.5,451.5,343.5,262.5,462.5,7,2.154953391223714,19.38801579976738,ATM_example
145,39,391,True,False,339.5,314.5,308.5,362.5,336.5,317.5,7,1.52844306540446,38.39651135832778,ATM_example
146,6,154,False,False,199.5,290.5,295.5,187.5,296.5,291.5,7,2.4212959451951845,16.2114433652374,ATM_example
147,11,153,False,False,204.5,241.50000000000003,327.5,202.5,234.5,323.5,7,2.22759226957957,9.127486028987962,ATM_example
148,252,387,True,False,344.5,294.5,337.5,365.5,312.5,321.5,7,1.5738423643768695,34.86638875044303,ATM_example
149,118,524,True,False,217.5,275.5,260.5,217.5,276.5,226.5,7,1.2913578374374317,24.66634788353317,ATM_example
150,127,497,True,False,204.5,264.5,519.5,202.5,262.5,547.5,7,1.6464812427327256,20.5666064008481,ATM_example
151,35,19,False,False,198.5,304.5,486.5,193.5,316.5,480.5,7,1.846238158211328,16.055081948807235,ATM_example
152,39,392,True,False,339.5,314.5,308.5,368.5,333.5,277.5,7,1.5054144354909191,46.941555639290605,ATM_example
153,56,440,True,False,212.5,282.5,528.5,227.5,295.5,572.5,7,1.3478547428253194,39.66694898780043,ATM_example
154,269,394,True,False,345.5,245.50000000000003,375.5,379.5,237.50000000000003,362.5,7,1.4931324995370303,42.58017800328556,ATM_example
155,263,395,True,False,169.5,271.5,472.5,150.5,269.5,471.5,7,0.8008901972568687,22.72466994528411,ATM_example
156,206,135,False,False,337.5,242.50000000000003,387.5,350.5,226.5,397.5,7,1.6343747630067496,25.557750314580122,ATM_example
157,176,439,True,False,197.5,287.5,535.5,194.5,306.5,597.5,7,1.539252422302653,50.412656756131554,ATM_example
158,32,435,True,False,176.5,243.50000000000003,302.5,147.5,213.5,253.5,7,1.511475650636994,61.0038345284801,ATM_example
159,11,106,False,False,204.5,241.50000000000003,327.5,195.5,212.5,270.5,7,1.8190761844671512,54.85608551204138,ATM_example
160,13,116,False,False,195.5,246.50000000000003,426.5,197.5,226.5,411.5,7,1.9531787291241156,26.25176160373146,ATM_example
161,239,129,False,False,325.5,272.5,473.5,333.5,272.5,490.5,7,2.199343816885626,15.563112577980405,ATM_example
162,251,128,False,False,211.5,301.5,493.5,210.5,304.5,496.5,7,1.9370367561561475,4.3427811253714825,ATM_example
163,268,402,True,False,197.5,269.5,507.5,185.5,270.5,506.5,7,1.0290507767079533,14.334082618430294,ATM_example
164,114,122,False,False,210.5,308.5,357.5,206.5,319.5,360.5,7,1.6343747630067496,14.084020827796724,ATM_example
165,243,386,True,False,351.5,250.50000000000003,344.5,382.5,210.5,283.5,7,1.4758375284999221,74.65638097809872,ATM_example
166,17,405,True,False,325.5,294.5,475.5,317.5,300.5,481.5,7,1.3720677022772714,12.658676530553995,ATM_example
167,252,415,True,False,344.5,294.5,337.5,359.5,305.5,349.5,7,1.3518902360673115,23.76227211603498,ATM_example
168,4,160,False,False,344.5,283.5,286.5,348.5,282.5,278.5,7,3.0266199314939803,7.591701402390832,ATM_example
169,206,20,False,False,337.5,242.50000000000003,387.5,333.5,235.5,385.5,7,2.0823145128678586,9.69383432706742,ATM_example
170,161,23,False,False,338.5,272.5,283.5,357.5,258.5,255.5,7,2.324444107387377,34.62562147997436,ATM_example
171,213,204,False,False,198.5,248.50000000000003,452.5,201.5,243.50000000000003,455.5,7,1.9370367561561475,7.265052502243169,ATM_example
172,151,363,True,False,340.5,326.5,374.5,347.5,329.5,380.5,7,1.452777567117111,10.04389971971203,ATM_example
173,280,201,False,False,333.5,306.5,259.5,340.5,317.5,247.5,7,1.9150249748361916,17.7732894093469,ATM_example
174,287,200,False,False,208.5,317.5,330.5,208.5,324.5,327.5,7,1.251002905017512,8.601265187968952,ATM_example
175,176,424,True,False,197.5,287.5,535.5,177.5,294.5,549.5,7,1.6797740619791592,27.157492868813815,ATM_example
176,60,416,True,False,231.5,297.5,343.5,245.5,290.5,339.5,7,0.9927313375300256,18.832974296937426,ATM_example
177,35,197,False,False,198.5,304.5,486.5,189.5,307.5,498.5,7,1.7857057595814485,14.241454159255637,ATM_example
178,130,198,False,False,333.5,300.5,471.5,335.5,307.5,479.5,7,1.896681823736228,10.417091250404946,ATM_example
179,213,369,True,False,198.5,248.50000000000003,452.5,182.5,222.5,466.5,7,1.6464812427327256,37.68546633735206,ATM_example
180,239,30,False,False,325.5,272.5,473.5,323.5,266.5,490.5,7,2.3204086141453852,14.432228973981289,ATM_example
181,7,46,False,False,212.5,297.5,288.5,219.5,315.5,278.5,7,1.61419729679679,24.07701354476039,ATM_example
182,118,47,True,False,217.5,275.5,260.5,216.5,259.5,243.5,7,1.1904705063876324,22.693474343362563,ATM_example
183,151,371,True,False,340.5,326.5,374.5,352.5,347.5,363.5,7,1.242931918533528,29.839023040423836,ATM_example
184,251,450,True,False,211.5,301.5,493.5,220.5,300.5,497.5,7,1.4873675091913274,11.148953590269192,ATM_example
185,114,380,True,False,210.5,308.5,357.5,199.5,312.5,349.5,7,1.361978969172291,15.074486059909225,ATM_example
186,287,417,True,False,208.5,317.5,330.5,189.5,331.5,317.5,7,1.3720677022772714,29.597251645489983,ATM_example
187,159,193,False,False,320.5,311.5,268.5,316.5,323.5,260.5,7,1.7554395602665087,16.11669894642314,ATM_example
188,60,121,False,False,231.5,297.5,343.5,233.5,300.5,334.5,7,2.006216640304581,7.804299216611668,ATM_example
189,122,429,True,False,206.5,319.5,360.5,182.5,340.5,362.5,8,1.4931324995370303,37.940913830237214,ATM_example
190,24,428,True,False,343.5,262.5,462.5,368.5,250.50000000000003,460.5,8,1.310348393870335,32.99990095004823,ATM_example
191,224,341,True,False,357.5,309.5,495.5,364.5,310.5,505.5,8,1.119849374652773,11.098613733570495,ATM_example
192,204,454,True,False,201.5,243.50000000000003,455.5,207.5,244.50000000000003,457.5,8,1.452777567117111,7.375340264032066,ATM_example
193,121,464,True,False,233.5,300.5,334.5,243.5,294.5,314.5,8,1.404351648213207,20.056427083142697,ATM_example
194,200,461,True,False,208.5,324.5,327.5,213.5,329.5,326.5,8,0.9079859794481941,8.437674423699075,ATM_example
195,135,458,True,False,350.5,226.5,397.5,351.5,207.5,389.5,8,1.4341522136925324,23.350626427820945,ATM_example
196,274,434,True,False,360.5,286.5,285.5,379.5,303.5,274.5,8,1.5133099657469902,31.340665610221986,ATM_example
197,122,399,True,False,206.5,319.5,360.5,207.5,332.5,376.5,8,1.4326001009071507,19.357194800680343,ATM_example
198,121,388,True,False,233.5,300.5,334.5,233.5,311.5,323.5,8,1.3014465705424116,15.31524263044013,ATM_example
199,197,446,True,False,189.5,307.5,498.5,180.5,318.5,525.5,8,1.465521229986559,25.85152802468379,ATM_example
200,197,383,True,False,189.5,307.5,498.5,171.5,316.5,496.5,8,1.5738423643768695,23.96917444047831,ATM_example
201,19,382,True,False,193.5,316.5,480.5,192.5,341.5,478.5,8,1.5239921537404988,29.780520612749875,ATM_example
202,198,452,True,False,335.5,307.5,479.5,341.5,307.5,482.5,8,1.1501155739677127,7.457060939593111,ATM_example
203,135,456,True,False,350.5,226.5,397.5,356.5,224.5,402.5,8,1.3922451684872308,8.346430024448422,ATM_example
204,24,344,True,False,343.5,262.5,462.5,359.5,251.50000000000003,481.5,8,1.61419729679679,26.877633097522352,ATM_example
205,116,328,True,False,197.5,226.5,411.5,202.5,205.5,378.5,8,1.3790859513937792,35.07807089290037,ATM_example
206,245,15,False,False,192.5,287.5,280.5,184.5,285.5,263.5,8,2.723957938344582,15.743697567846095,ATM_example
207,193,325,True,False,316.5,323.5,260.5,310.5,322.5,254.5,8,1.1760580305233754,8.437940306546844,ATM_example
208,198,203,False,False,335.5,307.5,479.5,340.5,320.5,497.5,8,2.0984564858358263,21.079113235569658,ATM_example
209,160,25,False,False,348.5,282.5,278.5,359.5,283.5,267.5,8,2.0715531975558803,15.361316409327635,ATM_example
210,116,533,True,False,197.5,226.5,411.5,194.5,215.5,411.5,8,1.8159719588963883,13.555074686980241,ATM_example
211,245,51,False,False,192.5,287.5,280.5,186.5,280.5,273.5,8,1.6646409623216893,12.077566540003454,ATM_example
212,20,326,True,False,333.5,235.5,385.5,327.5,235.5,381.5,8,1.5012034860210144,7.699575068761783,ATM_example
213,257,111,False,False,327.5,297.5,496.5,336.5,299.5,535.5,8,1.7727345313036174,30.311952649600006,ATM_example
214,3,166,False,False,211.5,298.5,277.5,205.5,306.5,261.5,8,2.643248073504743,16.60614466622343,ATM_example
215,236,57,True,False,187.5,267.5,522.5,180.5,261.5,533.5,8,1.452777567117111,13.552667519460893,ATM_example
216,266,495,True,False,211.5,282.5,554.5,204.5,283.5,563.5,8,1.5133099657469902,10.639658415420755,ATM_example
217,220,58,False,False,321.5,310.5,247.5,321.5,315.5,222.5,8,2.3215955239224417,19.066252399285453,ATM_example
218,154,59,False,False,187.5,296.5,291.5,179.5,297.5,292.5,8,2.0177466209959873,9.612238274916116,ATM_example
219,3,148,False,False,211.5,298.5,277.5,218.5,301.5,243.5,8,2.360763546565305,26.248650685520303,ATM_example
220,23,113,False,False,357.5,258.5,255.5,382.5,238.50000000000003,209.5,8,1.8235385087251232,50.59476983142225,ATM_example
221,200,119,False,False,208.5,324.5,327.5,205.5,333.5,321.5,8,1.6949071616366291,12.087524209817353,ATM_example
222,236,498,True,False,187.5,267.5,522.5,179.5,267.5,528.5,8,1.3317127698573514,10.45754424179014,ATM_example
223,16,144,False,False,338.5,308.5,237.5,336.5,305.5,224.5,8,2.2598762155155057,10.349679508590711,ATM_example
224,234,525,True,False,338.5,262.5,235.5,332.5,263.5,214.5,8,1.5173454589889823,16.848271218260617,ATM_example
225,154,141,False,False,187.5,296.5,291.5,183.5,302.5,286.5,8,1.8886108372522439,9.307175411033551,ATM_example
226,129,125,False,False,333.5,272.5,490.5,337.5,267.5,512.5,8,1.8613712578687978,17.666269360057107,ATM_example
227,30,63,False,False,323.5,266.5,490.5,321.5,268.5,508.5,8,1.8765043575262679,13.46994451093245,ATM_example
228,274,65,False,False,360.5,286.5,285.5,389.5,282.5,274.5,8,1.3196062901313754,35.70445372113825,ATM_example
229,193,66,True,False,316.5,323.5,260.5,320.5,340.5,237.5,8,1.5133099657469902,26.624428674381978,ATM_example
230,153,18,False,False,202.5,234.5,323.5,201.5,224.5,314.5,8,2.3002311479354254,13.611942040225225,ATM_example
231,224,490,True,False,357.5,309.5,495.5,367.5,316.5,494.5,8,1.3317127698573514,14.529950602286872,ATM_example
232,257,217,False,False,327.5,297.5,496.5,323.5,303.5,515.5,8,1.8252846356086774,16.219033155555167,ATM_example
233,266,324,True,False,211.5,282.5,554.5,218.5,279.5,563.5,8,1.3014465705424116,11.158378519420104,ATM_example
234,220,318,True,False,321.5,310.5,247.5,312.5,298.5,223.5,8,1.3673200631690454,24.909216999335147,ATM_example
235,46,468,True,False,219.5,315.5,278.5,217.5,329.5,270.5,8,1.3559257293093032,17.784357870295686,ATM_example
236,106,470,True,False,195.5,212.5,270.5,186.5,203.5,251.5,8,1.415526860267954,20.457990769038254,ATM_example
237,46,73,True,False,219.5,315.5,278.5,226.5,316.5,266.5,8,1.4830437664320504,12.094776419639516,ATM_example
238,106,472,True,False,195.5,212.5,270.5,199.5,196.5,233.5,8,1.4915183022402334,33.215994689589856,ATM_example
239,201,473,True,False,340.5,317.5,247.5,364.5,334.5,230.5,8,1.4376444674596407,37.07198209828213,ATM_example
240,234,478,True,False,338.5,262.5,235.5,363.5,231.5,184.5,8,1.607471474726803,60.06174411590204,ATM_example
241,201,309,True,False,340.5,317.5,247.5,346.5,337.5,223.5,8,1.5738423643768695,30.309954241899316,ATM_example
242,19,501,True,False,193.5,316.5,480.5,180.5,327.5,468.5,8,1.5188129110769792,22.033974135769004,ATM_example
243,160,216,False,False,348.5,282.5,278.5,355.5,285.5,246.5,8,2.1681604600156876,24.893342349075184,ATM_example
244,20,305,True,False,333.5,235.5,385.5,325.5,212.5,380.5,8,1.7554395602665087,29.176442520858867,ATM_example
245,30,300,True,False,323.5,266.5,490.5,312.5,234.5,518.5,8,1.7453508271615288,45.055566158160765,ATM_example
246,23,294,True,False,357.5,258.5,255.5,378.5,250.50000000000003,247.5,8,1.6949071616366291,27.33799204986028,ATM_example
247,128,94,False,False,210.5,304.5,496.5,207.5,311.5,535.5,8,1.542455194716932,29.675799542378677,ATM_example
248,153,484,True,False,202.5,234.5,323.5,182.5,221.5,323.5,8,1.6430222485253037,28.358703496309765,ATM_example
249,16,275,False,False,338.5,308.5,237.5,353.5,321.5,205.5,8,2.0360897720959503,33.0843747517283,ATM_example
250,240,249,False,False,328.5,252.50000000000003,452.5,325.5,243.50000000000003,454.5,8,1.7986769878592797,11.371237791741292,ATM_example
251,128,229,False,False,210.5,304.5,496.5,213.5,317.5,509.5,8,1.9370367561561475,18.447883093681174,ATM_example
252,240,489,True,False,328.5,252.50000000000003,452.5,340.5,223.5,445.5,8,1.5012034860210144,37.655200330541604,ATM_example
253,129,71,False,False,333.5,272.5,490.5,362.5,275.5,527.5,8,1.7228451917734966,43.82052980275938,ATM_example
254,204,131,False,False,201.5,243.50000000000003,455.5,205.5,231.5,460.5,8,2.118633952045786,15.468325505378687,ATM_example
255,203,500,True,False,340.5,320.5,497.5,342.5,324.5,514.5,9,1.5536648981669097,13.417210335716927,ATM_example
256,141,519,True,False,183.5,302.5,286.5,162.5,323.5,251.5,9,1.5940198305868296,43.47243707693571,ATM_example
257,18,515,True,False,201.5,224.5,314.5,210.5,198.5,281.5,9,1.715084627846589,40.51871286272098,ATM_example
258,229,448,True,False,213.5,317.5,509.5,221.5,322.5,520.5,9,1.54357616506193,13.759663400169405,ATM_example
259,125,499,True,False,337.5,267.5,512.5,344.5,252.50000000000003,521.5,9,1.452777567117111,20.73163213063212,ATM_example
260,111,441,True,False,336.5,299.5,535.5,351.5,313.5,571.5,9,1.8159719588963883,35.715044236581974,ATM_example
261,94,496,True,False,207.5,311.5,535.5,216.5,315.5,555.5,9,1.4181876250428938,18.631646529776596,ATM_example
262,144,529,True,False,336.5,305.5,224.5,332.5,298.5,218.5,9,1.5980553238288218,10.524904587084194,ATM_example
263,63,494,True,False,321.5,268.5,508.5,315.5,254.50000000000003,567.5,9,1.5295503653793974,46.43035230670813,ATM_example
264,203,491,True,False,340.5,320.5,497.5,348.5,327.5,504.5,9,1.6257272774881955,13.617723505732853,ATM_example
265,141,483,True,False,183.5,302.5,286.5,162.5,334.5,285.5,9,1.4747893484370669,45.50971459120203,ATM_example
266,25,482,True,False,359.5,283.5,267.5,373.5,297.5,252.5,9,1.452777567117111,25.926711463670358,ATM_example
267,113,479,True,False,382.5,238.50000000000003,209.5,403.5,238.50000000000003,180.5,9,1.452777567117111,32.632984692034164,ATM_example
268,119,466,True,False,205.5,333.5,321.5,201.5,349.5,297.5,9,1.407378268144701,26.208742557335196,ATM_example
269,18,467,True,False,201.5,224.5,314.5,177.5,196.5,279.5,9,1.6242860299017696,50.65027951118352,ATM_example
270,275,528,True,False,353.5,321.5,205.5,360.5,329.5,200.5,9,1.5334874319569503,13.146862706503125,ATM_example
271,51,518,True,False,186.5,280.5,273.5,188.5,267.5,257.5,9,1.2106479725975923,19.466410700130865,ATM_example
272,58,265,False,False,321.5,315.5,222.5,316.5,313.5,180.5,9,1.357655226413014,31.100870685354927,ATM_example
273,216,310,True,False,355.5,285.5,246.5,384.5,303.5,195.5,9,1.856326891316308,54.885134799781575,ATM_example
274,63,343,True,False,321.5,268.5,508.5,319.5,269.5,518.5,9,1.2106479725975923,7.718607509567326,ATM_example
275,25,338,True,False,359.5,283.5,267.5,400.5,277.5,220.5,9,1.740306460609039,59.88929312975018,ATM_example
276,275,317,True,False,353.5,321.5,205.5,364.5,339.5,158.5,9,1.6949071616366291,42.295410080000345,ATM_example
277,131,315,True,False,205.5,231.5,460.5,216.5,201.5,441.5,9,1.8217369492420912,40.40578052437206,ATM_example
278,113,314,True,False,382.5,238.50000000000003,209.5,393.5,225.5,194.5,9,1.3720677022772714,22.97888373052924,ATM_example
279,71,423,True,False,362.5,275.5,527.5,367.5,269.5,530.5,9,0.7263887835585553,9.536371574791955,ATM_example
280,58,301,True,False,321.5,315.5,222.5,327.5,337.5,164.5,9,1.6464812427327256,50.013956270692844,ATM_example
281,229,286,False,False,213.5,317.5,509.5,211.5,319.5,507.5,9,0.7263887835585553,3.6616224630137273,ATM_example
282,148,267,True,False,218.5,301.5,243.5,225.5,302.5,233.5,9,1.725173360951569,11.098613733570495,ATM_example
283,217,225,False,False,323.5,303.5,515.5,326.5,315.5,550.5,9,1.6242860299017696,29.317147229907555,ATM_example
284,59,346,True,False,179.5,297.5,292.5,161.5,308.5,303.5,9,1.3115353036473913,26.315269260546323,ATM_example
285,166,211,False,False,205.5,306.5,261.5,194.5,309.5,230.5,9,2.225286273441289,26.236633315584267,ATM_example
286,166,158,False,False,205.5,306.5,261.5,199.5,321.5,247.5,9,2.2195212830955855,21.721257773270146,ATM_example
287,148,146,False,False,218.5,301.5,243.5,216.5,304.5,217.5,9,2.1791663506756658,19.32204566787083,ATM_example
288,15,143,False,False,184.5,285.5,263.5,171.5,280.5,245.5,9,2.118633952045786,21.079113235569658,ATM_example
289,217,89,False,False,323.5,303.5,515.5,319.5,305.5,520.5,9,1.5738423643768695,6.433909712488847,ATM_example
290,59,83,False,False,179.5,297.5,292.5,147.5,300.5,273.5,9,1.4197598951371764,40.61511688721896,ATM_example
291,125,79,True,False,337.5,267.5,512.5,340.5,268.5,563.5,9,1.881692848837401,37.14725224073913,ATM_example
292,119,69,True,False,205.5,333.5,321.5,201.5,343.5,324.5,9,1.452777567117111,12.987630950832733,ATM_example
293,15,68,True,False,184.5,285.5,263.5,168.5,293.5,231.5,9,2.2892252572754472,31.464032844566198,ATM_example
294,249,62,False,False,325.5,243.50000000000003,454.5,319.5,237.50000000000003,452.5,9,2.0338885939639546,10.19137473298991,ATM_example
295,216,49,False,False,355.5,285.5,246.5,379.5,276.5,192.5,9,1.7218104499165758,49.59621830454061,ATM_example
296,144,202,False,False,336.5,305.5,224.5,338.5,307.5,211.5,9,2.2867795037954517,10.002446747641473,ATM_example
297,131,347,True,False,205.5,231.5,460.5,218.5,216.5,491.5,9,1.452777567117111,32.58058574164317,ATM_example
298,249,537,True,False,325.5,243.50000000000003,454.5,332.5,233.5,466.5,9,1.3014465705424116,16.917704674855248,ATM_example
299,71,401,True,False,362.5,275.5,527.5,370.5,278.5,530.5,9,0.8070986483983947,10.387637016724906,ATM_example
300,65,393,True,False,389.5,282.5,274.5,402.5,278.5,272.5,9,0.8070986483983947,16.235043078106237,ATM_example
301,65,419,True,False,389.5,282.5,274.5,402.5,291.5,272.5,9,1.3720677022772714,18.85329277958552,ATM_example
302,94,361,True,False,207.5,311.5,535.5,202.5,318.5,551.5,9,1.472955033327071,15.460143295636636,ATM_example
303,51,389,True,False,186.5,280.5,273.5,171.5,274.5,265.5,9,1.188636191277636,20.062399401632977,ATM_example
304,111,398,True,False,336.5,299.5,535.5,336.5,301.5,571.5,9,1.9168592899461872,26.195091917380612,ATM_example
305,202,350,True,False,338.5,307.5,211.5,341.5,322.5,159.5,10,1.338438591927338,41.84019436908248,ATM_example
306,211,145,False,False,194.5,309.5,230.5,188.5,314.5,216.5,10,2.0338885939639546,13.7526739075458,ATM_example
307,202,110,False,False,338.5,307.5,211.5,343.5,306.5,198.5,10,1.428564607665159,11.202226158559007,ATM_example
308,89,88,False,False,319.5,305.5,520.5,317.5,306.5,522.5,10,1.452777567117111,3.027758918236945,ATM_example
309,211,436,True,False,194.5,309.5,230.5,191.5,304.5,215.5,10,1.251002905017512,12.891956327682301,ATM_example
310,146,147,False,False,216.5,304.5,217.5,214.5,311.5,199.5,10,2.0984564858358263,15.653808803222612,ATM_example
311,83,418,True,False,147.5,300.5,273.5,145.5,306.5,272.5,10,0.7263887835585553,7.553840063045262,ATM_example
312,158,67,False,False,199.5,321.5,247.5,198.5,343.5,204.5,10,2.0038311270580835,40.69890903869918,ATM_example
313,49,527,True,False,379.5,276.5,192.5,382.5,279.5,182.5,10,1.2711803712274719,8.828981077322025,ATM_example
314,62,55,False,False,319.5,237.50000000000003,452.5,314.5,228.5,453.5,10,1.5911373354139784,12.261480725471197,ATM_example
315,286,427,True,False,211.5,319.5,507.5,215.5,328.5,497.5,10,1.3014465705424116,13.769833758027206,ATM_example
316,158,520,True,False,199.5,321.5,247.5,183.5,341.5,241.5,10,1.4354825960800024,30.758480952736413,ATM_example
317,143,191,False,False,171.5,280.5,245.5,159.5,264.5,225.5,10,1.8240429453803724,27.845895691709334,ATM_example
318,83,420,True,False,147.5,300.5,273.5,134.5,296.5,271.5,10,0.8878085132382344,16.235043078106237,ATM_example
319,89,443,True,False,319.5,305.5,520.5,316.5,306.5,539.5,10,1.2106479725975923,14.272171053327188,ATM_example
320,146,357,True,False,216.5,304.5,217.5,226.5,297.5,189.5,10,1.3680322090352792,24.945392031345676,ATM_example
321,62,323,True,False,319.5,237.50000000000003,452.5,313.5,234.5,445.5,10,1.3074998104053994,9.45157201734714,ATM_example
322,143,358,True,False,171.5,280.5,245.5,125.5,268.5,205.5,10,1.7176068111228335,63.51700344257878,ATM_example
323,225,312,True,False,326.5,315.5,550.5,328.5,320.5,557.5,10,1.3720677022772714,8.16811199895391,ATM_example
324,265,307,True,False,316.5,313.5,180.5,315.5,318.5,158.5,10,1.407378268144701,17.055682282707888,ATM_example
325,225,442,True,False,326.5,315.5,550.5,326.5,319.5,569.5,10,1.3224000931450621,14.566234124330052,ATM_example
326,265,481,True,False,316.5,313.5,180.5,315.5,294.5,159.5,10,1.5133099657469902,27.261958247127083,ATM_example
327,49,480,True,False,379.5,276.5,192.5,392.5,271.5,179.5,10,1.2326597539175486,19.050946186732357,ATM_example
328,286,447,True,False,211.5,319.5,507.5,205.5,333.5,520.5,10,1.5188129110769792,20.411937206997973,ATM_example
329,55,505,True,False,314.5,228.5,453.5,311.5,221.5,447.5,11,1.5012034860210144,10.04389971971203,ATM_example
330,147,48,False,False,214.5,311.5,199.5,213.5,315.5,194.5,11,1.452777567117111,6.095493351138606,ATM_example
331,145,354,True,False,188.5,314.5,216.5,175.5,336.5,175.5,11,1.7986769878592797,42.49274191503712,ATM_example
332,88,445,True,False,317.5,306.5,522.5,311.5,322.5,531.5,11,1.3115353036473913,21.33638912205996,ATM_example
333,110,384,True,False,343.5,306.5,198.5,353.5,306.5,177.5,11,1.3882096752452389,19.310812979582703,ATM_example
334,55,502,True,False,314.5,228.5,453.5,304.5,220.5,463.5,11,1.452777567117111,16.86134978597406,ATM_example
335,191,364,True,False,159.5,264.5,225.5,158.5,264.5,207.5,11,1.2279429436347007,13.097545958690306,ATM_example
336,67,476,True,False,198.5,343.5,204.5,205.5,351.5,192.5,11,1.2106479725975923,15.340367385738151,ATM_example
337,67,376,True,False,198.5,343.5,204.5,196.5,349.5,188.5,11,1.3922451684872308,13.818861775916048,ATM_example
338,88,397,True,False,317.5,306.5,522.5,309.5,299.5,523.5,11,1.2711803712274719,12.658499301603497,ATM_example
339,110,377,True,False,343.5,306.5,198.5,343.5,300.5,194.5,11,1.2106479725975923,7.699575068761783,ATM_example
340,191,437,True,False,159.5,264.5,225.5,142.5,246.50000000000003,207.5,11,1.5459043342400023,32.19529979757001,ATM_example
341,145,292,True,False,188.5,314.5,216.5,163.5,331.5,144.5,11,1.5032212326420105,63.355750257167884,ATM_example
342,147,351,True,False,214.5,311.5,199.5,218.5,314.5,166.5,11,1.4317228197675875,24.64078475513492,ATM_example
343,48,526,True,False,213.5,315.5,194.5,214.5,321.5,190.5,12,1.113796134789785,7.790817751540964,ATM_example
344,48,84,True,False,213.5,315.5,194.5,209.5,335.5,140.5,12,1.6949071616366291,46.034325079648475,ATM_example
